"chr","start","end","idist"
"chr1",1131964,1131965,11.8543781357567
"chr1",1272662,1272663,12.7447215858707
"chr1",1615399,1615400,12.3276883272067
"chr1",1841262,1841263,9.05730573580712
"chr1",1849842,1849843,12.1186448182008
"chr1",2033098,2033099,10.2718736524029
"chr1",2062005,2062006,12.6715755366319
"chr1",2380567,2380568,11.9066418260438
"chr1",22422996,22422997,11.1430350081257
"chr1",27747679,27747680,12.0708083236793
"chr1",27922375,27922376,12.5932413913552
"chr1",32554377,32554378,11.8411855021694
"chr1",40391532,40391533,11.4807121426056
"chr1",40488361,40488362,12.5009748400562
"chr1",51748729,51748730,11.2411561109785
"chr1",51824931,51824932,11.9565145311695
"chr1",51980759,51980760,11.5173855041923
"chr1",52081205,52081206,11.8379177729283
"chr1",53960395,53960396,12.6431430041648
"chr1",66716844,66716845,11.3306359076643
"chr1",111193059,111193060,11.1771729692734
"chr1",111264538,111264539,10.8842918052353
"chr1",114501582,114501583,12.6943274541008
"chr1",114827475,114827476,12.7263445127226
"chr1",115163971,115163972,11.4207224529166
"chr1",115629310,115629311,10.2388162784553
"chr1",118161435,118161436,8.65242314067634
"chr1",118167158,118167159,10.4453175351648
"chr1",118201540,118201541,8.40290404501411
"chr1",118205999,118206000,10.3418069975152
"chr1",118237000,118237001,11.4279882989533
"chr1",118328856,118328857,8.580543506917
"chr1",118334182,118334183,8.95131054209756
"chr1",118341899,118341900,9.59607884990031
"chr1",120177334,120177335,12.523693302466
"chr1",144922085,144922086,8.29179710504873
"chr1",149931447,149931448,12.5297743998352
"chr1",150207893,150207894,10.5258098273158
"chr1",150625284,150625285,11.5510590489511
"chr1",151162525,151162526,12.6788193840093
"chr1",151483403,151483404,12.6667453770344
"chr1",151800430,151800431,11.5625153093102
"chr1",154596707,154596708,12.6879245558568
"chr1",154920520,154920521,10.2299816007733
"chr1",154948241,154948242,10.755666338943
"chr1",155441192,155441193,9.26586968176866
"chr1",155451762,155451763,11.3695168816749
"chr1",155538401,155538402,11.8023585035857
"chr1",155671967,155671968,11.7390645252642
"chr1",155797341,155797342,10.542284138346
"chr1",155835224,155835225,10.3763308959742
"chr1",155867314,155867315,11.9493787739548
"chr1",156022034,156022035,7.42714413340862
"chr1",156023714,156023715,11.4385682309841
"chr1",156463844,156463845,11.7447274238551
"chr1",156589930,156589931,12.6911649904004
"chr1",156914794,156914795,11.6328927800172
"chr1",157027539,157027540,11.5807056013912
"chr1",158075131,158075132,11.703000221219
"chr1",160123769,160123770,11.8493262704689
"chr1",160263758,160263759,8.00903068506973
"chr1",160620145,160620146,11.4216760291736
"chr1",160711423,160711424,12.5808482790944
"chr1",161002355,161002356,10.5494120897237
"chr1",161410063,161410064,12.6645602188147
"chr1",175729709,175729710,11.8620177329475
"chr1",178953555,178953556,12.5551155393252
"chr1",179237096,179237097,9.55194228641739
"chr1",201885264,201885265,12.5993065903299
"chr1",203258349,203258350,10.2637460678062
"chr1",203287022,203287023,10.6541958436206
"chr1",203329391,203329392,12.6683748195553
"chr1",203646935,203646936,11.7092485414
"chr1",203768626,203768627,12.1570662079753
"chr1",204328559,204328560,11.8792199920018
"chr1",204472796,204472797,12.4632349416527
"chr1",204731446,204731447,10.8612656575171
"chr1",205256394,205256395,11.7367248012105
"chr1",205381475,205381476,12.6178478033344
"chr1",206640304,206640305,11.8138741455224
"chr1",206775417,206775418,11.052159041077
"chr1",206838496,206838497,10.7843376178703
"chr1",226278562,226278563,12.1087188790242
"chr2",18260114,18260115,12.1188739782755
"chr2",18443412,18443413,12.6650753610037
"chr2",25437526,25437527,12.4984735666819
"chr2",46487546,46487547,11.5144343260666
"chr2",54332926,54332927,12.5112569071806
"chr2",54604300,54604301,9.50918491163407
"chr2",54617782,54617783,11.6005608139155
"chr2",54726940,54726941,10.2884778074549
"chr2",64415569,64415570,10.6301662163049
"chr2",64456932,64456933,10.5773754581573
"chr2",64496168,64496169,8.80777106698004
"chr2",64502853,64502854,11.5463699121896
"chr2",64606253,64606254,11.9616224614704
"chr2",64762879,64762880,10.9532596757848
"chr2",64820018,64820019,10.8563223415909
"chr2",64871878,64871879,8.28928832300032
"chr2",64875858,64875859,9.9275458176292
"chr2",64896344,64896345,9.15609535712379
"chr2",64905815,64905816,11.3652603748319
"chr2",64992086,64992087,10.2743267087231
"chr2",65021064,65021065,12.1030427452106
"chr2",65201483,65201484,12.1658546352414
"chr2",65393598,65393599,11.932799596039
"chr2",65545774,65545775,10.2213229106833
"chr2",68838145,68838146,9.64756251169754
"chr2",68853628,68853629,12.0672932203269
"chr2",69027711,69027712,11.1971456557341
"chr2",70170331,70170332,12.3055378177494
"chr2",70391246,70391247,9.25607826365004
"chr2",70401713,70401714,12.4330926735903
"chr2",72939618,72939619,12.722679525583
"chr2",85751387,85751388,10.1355115556563
"chr2",85776609,85776610,12.6753572663513
"chr2",86096378,86096379,11.8361242839679
"chr2",88500703,88500704,11.4194386218768
"chr2",88591777,88591778,12.1605154995208
"chr2",88782869,88782870,11.2349560713722
"chr2",88858600,88858601,12.1204330544845
"chr2",89042184,89042185,8.33902300574476
"chr2",89046367,89046368,11.1137306573754
"chr2",89113452,89113453,9.84304728872471
"chr2",89132278,89132279,8.84922702143852
"chr2",89139246,89139247,9.41466800903275
"chr2",89151512,89151513,8.27893600229198
"chr2",89155451,89155452,7.05789793741186
"chr2",89156612,89156613,11.1585193738088
"chr2",89226770,89226771,10.6068078114164
"chr2",135866379,135866380,12.6754760947039
"chr2",136186186,136186187,10.2350908120458
"chr2",137752686,137752687,11.6475874682136
"chr2",141853315,141853316,12.1351457621902
"chr2",171500779,171500780,12.4235964355245
"chr2",172833578,172833579,11.5386321973136
"chr2",172936181,172936182,11.8830396957755
"chr2",173080970,173080971,12.7479811522549
"chr2",173424826,173424827,11.585171705176
"chr2",231676604,231676605,12.7248069133642
"chr3",12748258,12748259,12.2912590248909
"chr3",13961200,13961201,10.9777217624762
"chr3",45185482,45185483,8.41183267575841
"chr3",45663053,45663054,11.3715807707039
"chr3",46258794,46258795,9.36845461506987
"chr3",46270506,46270507,11.4765207830764
"chr3",46366930,46366931,10.5873416861845
"chr3",46406559,46406560,10.0504409654923
"chr3",46429724,46429725,11.9471011192123
"chr3",46584092,46584093,12.1460200475769
"chr3",46772434,46772435,11.8129411645808
"chr3",46907421,46907422,11.1470511938188
"chr3",50207422,50207423,9.388319179336
"chr3",50219369,50219370,11.2570520890331
"chr3",52777677,52777678,9.7626725558939
"chr3",52795049,52795050,12.5588680738704
"chr3",53079656,53079657,9.22365138603585
"chr3",53089789,53089790,10.7498707089949
"chr3",53136412,53136413,11.2443660501255
"chr3",53212859,53212860,10.9315521902453
"chr3",53268771,53268772,10.9590183515018
"chr3",53326240,53326241,12.2280640521708
"chr3",53530686,53530687,9.24744345992769
"chr3",128392780,128392781,12.4491090161516
"chr3",132867131,132867132,12.5800230064497
"chr3",136173385,136173386,12.4736004788776
"chr3",140329860,140329861,12.5687415895047
"chr3",140617291,140617292,12.5870469540157
"chr3",140910032,140910033,10.4282752513182
"chr3",140943833,140943834,11.9958761679702
"chr3",141105917,141105918,11.98797260431
"chr3",141658373,141658374,11.7890712496037
"chr3",151365885,151365886,6.24610676548156
"chr3",152500922,152500923,11.1000882495324
"chr3",168596674,168596675,12.1833616931536
"chr3",168792182,168792183,12.044852871764
"chr3",168962402,168962403,12.1243744015457
"chr3",169146711,169146712,10.6402687701161
"chr3",169188494,169188495,9.38303237979429
"chr3",169200378,169200379,4.48863636973214
"chr3",169200466,169200467,12.0263417301251
"chr3",169367564,169367565,11.270611836258
"chr3",169446044,169446045,12.3158145488757
"chr3",169669241,169669242,8.74225490188635
"chr3",170026108,170026109,10.0397215398594
"chr3",170049026,170049027,11.5064445088705
"chr3",170148379,170148380,8.75273950944749
"chr3",170154706,170154707,12.0718381486429
"chr3",170329582,170329583,11.8337908312122
"chr3",170467413,170467414,12.4536199872418
"chr3",170723588,170723589,11.1485351194338
"chr3",184751338,184751339,12.5456863710752
"chr3",195744051,195744052,11.574171070407
"chr3",195850366,195850367,12.5852930204651
"chr3",196929903,196929904,9.59539867030668
"chr4",1410224,1410225,13.0497023579095
"chr4",1875181,1875182,11.7006407825812
"chr4",1995829,1995830,12.1548319813366
"chr4",22661267,22661268,12.9741115981353
"chr4",38845296,38845297,12.3940283009412
"chr4",39086651,39086652,12.2351216090882
"chr4",39879804,39879805,12.2658074598206
"chr4",40092114,40092115,10.4480477140317
"chr4",40126590,40126591,10.1856544442998
"chr4",40153109,40153110,10.398823833406
"chr4",89508902,89508903,12.2946968878197
"chr4",89727435,89727436,11.57915318361
"chr4",153003711,153003712,12.9289630773393
"chr4",153415786,153415787,10.9915780137447
"chr4",153475157,153475158,10.3429675392316
"chr4",153506194,153506195,9.31623074723361
"chr4",153517310,153517311,11.0516833413931
"chr4",153580359,153580360,9.01784725986073
"chr4",153588607,153588608,8.88627090207201
"chr4",153595838,153595839,10.1608779292455
"chr4",153621708,153621709,8.73149779406324
"chr4",153627902,153627903,11.214856299632
"chr4",184581947,184581948,12.9543351820858
"chr4",185004611,185004612,11.9910336632925
"chr4",185165912,185165913,12.8840071986092
"chr5",32199140,32199141,12.1417954235843
"chr5",32386688,32386689,9.68930374259339
"chr5",44989965,44989966,11.8027178092314
"chr5",55553849,55553850,12.0003268713924
"chr5",88450919,88450920,11.5867519689441
"chr5",95453715,95453716,12.303222042029
"chr5",112497867,112497868,12.03337859521
"chr5",112666145,112666146,11.8935717858617
"chr5",118425308,118425309,12.506032783103
"chr5",131693879,131693880,12.6576131249791
"chr5",133329992,133329993,11.4173172407551
"chr5",134267965,134267966,12.1701397216695
"chr5",137764287,137764288,12.5619202473158
"chr5",138049764,138049765,9.05765528431053
"chr5",138058347,138058348,12.2886153026475
"chr5",138275555,138275556,12.1634834654569
"chr5",138467215,138467216,12.4616950035649
"chr5",138725467,138725468,10.8952381994201
"chr5",139390977,139390978,11.0139625337467
"chr5",139451692,139451693,10.1135053366314
"chr5",139476365,139476366,8.09468364869882
"chr5",139479641,139479642,10.9864953892252
"chr5",139538711,139538712,12.347832590568
"chr5",149829862,149829863,10.10981042612
"chr5",156078201,156078202,10.3379287688808
"chr5",156109082,156109083,11.689815631767
"chr5",156228431,156228432,10.7027274806067
"chr5",156272907,156272908,11.4330485768812
"chr5",156365229,156365230,9.6476270924073
"chr5",156380713,156380714,11.6601292135069
"chr5",156496571,156496572,12.7048307487778
"chr5",156825905,156825906,11.8303968956078
"chr5",156963269,156963270,11.2427296135257
"chr5",157039591,157039592,10.5198346790008
"chr5",157575511,157575512,11.2656172866567
"chr5",157653600,157653601,11.8797536894635
"chr5",172353195,172353196,12.5404068839755
"chr5",172632596,172632597,12.6280244317303
"chr5",172937582,172937583,12.1630659746748
"chr5",173129162,173129163,8.97322466309509
"chr5",173137050,173137051,11.7230729318292
"chr5",173260435,173260436,11.465078855513
"chr5",173355762,173355763,10.789690142093
"chr5",174113214,174113215,10.9673531048744
"chr5",174660187,174660188,12.5254641186494
"chr6",254965,254966,10.9154520344786
"chr6",309984,309985,10.8634314673317
"chr6",362214,362215,10.383286797697
"chr6",394528,394529,11.3400234050927
"chr6",7571379,7571380,11.0804642181915
"chr6",7636269,7636270,11.4786548796928
"chr6",7732899,7732900,10.5639307399229
"chr6",7771611,7771612,10.3031357753227
"chr6",7801436,7801437,10.8595373141836
"chr6",7853463,7853464,9.53654579909871
"chr6",7867319,7867320,10.0748745442773
"chr6",7891057,7891058,9.10086027135736
"chr6",7900019,7900020,9.11162439903702
"chr6",7909078,7909079,7.79523492900217
"chr6",7911506,7911507,4.77912349311153
"chr6",7911624,7911625,8.0013550258267
"chr6",7914608,7914609,5.46383180502561
"chr6",7914843,7914844,8.35161075062656
"chr6",7919079,7919080,9.54624101669844
"chr6",7933070,7933071,8.84318209802261
"chr6",7939996,7939997,5.70044357339069
"chr6",7940294,7940295,9.28191657046541
"chr6",7951035,7951036,9.28563335601161
"chr6",7961816,7961817,7.12528309151071
"chr6",7963058,7963059,8.81299223196997
"chr6",7969778,7969779,9.20341645690336
"chr6",7979708,7979709,8.46737249643228
"chr6",7984464,7984465,9.61860156738635
"chr6",7999505,7999506,8.84793475332846
"chr6",8006464,8006465,7.7336835707759
"chr6",8008747,8008748,9.4809780098187
"chr6",8021854,8021855,10.1918943623024
"chr6",8048539,8048540,10.1809677625033
"chr6",8074934,8074935,9.09515396216707
"chr6",8083845,8083846,10.9990284626798
"chr6",8143660,8143661,9.33361938813635
"chr6",8154971,8154972,5.38449506278909
"chr6",8155188,8155189,10.7763696139933
"chr6",11208568,11208569,10.2173489367712
"chr6",33062208,33062209,7.22475340576797
"chr6",37523201,37523202,9.53582388165471
"chr6",37537047,37537048,11.6585743928186
"chr6",90306965,90306966,10.3534479005308
"chr6",91198539,91198540,10.2552353781383
"chr6",106041949,106041950,11.5483505221884
"chr6",106554317,106554318,9.30419494744781
"chr6",106565300,106565301,11.1052278667093
"chr6",106883986,106883987,10.5958093925963
"chr6",106923952,106923953,11.3005240101879
"chr6",107004815,107004816,11.6766841256836
"chr6",108884712,108884713,10.548546822289
"chr6",108922833,108922834,9.61673837813295
"chr6",108937846,108937847,10.5548226652816
"chr6",108976207,108976208,8.34521792667643
"chr6",108980416,108980417,11.2663981316731
"chr6",109058566,109058567,9.66643522103567
"chr6",109074344,109074345,10.2543556694411
"chr6",109102749,109102750,7.58120982619635
"chr6",109104709,109104710,9.69214904667168
"chr6",109120898,109120899,9.03978927078114
"chr6",109129329,109129330,10.6153092733609
"chr6",109170082,109170083,8.16650031915505
"chr6",109173602,109173603,10.9498060464831
"chr6",109230544,109230545,10.3401605877685
"chr6",138211526,138211527,11.0402462595607
"chr6",159241105,159241106,8.77724709675054
"chr6",159247589,159247590,10.8417158859282
"chr6",159298697,159298698,10.5443409383749
"chr7",1925568,1925569,12.0101246693415
"chr7",7359801,7359802,12.0051124637264
"chr7",7523389,7523390,9.29302573859479
"chr7",7534250,7534251,11.4233289311585
"chr7",8380554,8380555,11.4555187850207
"chr7",24679723,24679724,10.406472518523
"chr7",24712795,24712796,12.2966626117245
"chr7",25305368,25305369,11.3336911377751
"chr7",25388958,25388959,9.232590980911
"chr7",25399182,25399183,10.3811492835237
"chr7",25431427,25431428,11.6082174627911
"chr7",25894692,25894693,11.5335316908632
"chr7",25996773,25996774,9.13626316857987
"chr7",26006058,26006059,11.8579892596601
"chr7",26147265,26147266,7.66809370908241
"chr7",26149403,26149404,11.1505342140354
"chr7",26694366,26694367,12.5297273734408
"chr7",41881074,41881075,11.0258163678216
"chr7",41942513,41942514,10.5753344849254
"chr7",41981669,41981670,9.80234037053117
"chr7",41999744,41999745,11.6796256408612
"chr7",42117883,42117884,10.0028350260368
"chr7",42139971,42139972,10.0872663803281
"chr7",42164005,42164006,10.8767633498929
"chr7",101815213,101815214,11.8430705846783
"chr7",101954329,101954330,11.6176727926667
"chr7",126925518,126925519,12.3502509085461
"chr7",127725201,127725202,11.8867347736744
"chr7",139583170,139583171,10.8234116756427
"chr7",139633351,139633352,9.46381912308646
"chr7",139646235,139646236,11.9130965846173
"chr7",139795442,139795443,12.3907248176624
"chr8",126342760,126342761,9.24821402440426
"chr8",128126149,128126150,9.71540945862979
"chr8",128590577,128590578,9.95175376994562
"chr8",128611565,128611566,9.96960295474299
"chr8",128632931,128632932,8.81284343351719
"chr8",128639650,128639651,7.78405700263993
"chr8",128672786,128672787,8.06274790108635
"chr8",128675959,128675960,8.58223158759546
"chr8",128681294,128681295,7.62413058566129
"chr8",128710637,128710638,6.77422388635761
"chr8",128711511,128711512,9.23356849809539
"chr8",128721745,128721746,5.94017125272043
"chr8",128722124,128722125,6.93537044601511
"chr8",128723151,128723152,8.67999208172133
"chr8",128729034,128729035,7.86172707782398
"chr8",128731629,128731630,6.44571981938558
"chr8",128732258,128732259,6.53087762772588
"chr8",128732943,128732944,8.13973227971767
"chr8",128736370,128736371,6.80682936039218
"chr8",128737273,128737274,9.27827935498438
"chr8",128747975,128747976,8.56674497024549
"chr8",128778779,128778780,9.25779631313248
"chr8",128789264,128789265,5.62040086571715
"chr8",128789539,128789540,7.46908388492123
"chr8",128791291,128791292,8.26821888006751
"chr8",128795188,128795189,9.1838937219612
"chr8",128804926,128804927,4.64439089914137
"chr8",128805029,128805030,7.63867982387611
"chr8",128807105,128807106,9.17326136373476
"chr8",128816740,128816741,9.65534665470488
"chr8",128832344,128832345,9.13561682578025
"chr8",128841623,128841624,8.61794309451638
"chr8",128847152,128847153,8.01697774676226
"chr8",128850183,128850184,7.37337430991005
"chr8",128851775,128851776,6.96318998587024
"chr8",128852831,128852832,6.90073066404517
"chr8",128853823,128853824,8.86049916761602
"chr8",128860870,128860871,9.93207500938804
"chr8",128881449,128881450,9.57983281962553
"chr8",128952532,128952533,9.65322970873035
"chr8",128968103,128968104,9.74630728814851
"chr8",129045741,129045742,8.5179928715868
"chr8",129079306,129079307,8.65416864644332
"chr8",129085039,129085040,7.91242312147371
"chr8",129087769,129087770,9.20843856468659
"chr8",129097749,129097750,9.12118123565636
"chr8",129106895,129106896,8.74033674273045
"chr8",129113144,129113145,7.8578675593318
"chr8",129150099,129150100,7.55118686729615
"chr8",129152001,129152002,9.10819689830748
"chr8",129186507,129186508,6.91274282049318
"chr8",129187511,129187512,7.34729970074316
"chr8",129189062,129189063,7.18765716411496
"chr8",129190384,129190385,7.93128476152589
"chr8",129193166,129193167,9.30655922971673
"chr8",129204175,129204176,8.52991196382401
"chr8",129209238,129209239,7.71289096149013
"chr8",129211474,129211475,8.54169066301663
"chr8",129216597,129216598,8.501470230951
"chr8",129221518,129221519,8.76764057725779
"chr8",129227940,129227941,7.53047999524554
"chr8",129229803,129229804,9.7788875843028
"chr8",129247459,129247460,6.30261897574491
"chr8",129248004,129248005,8.50592999913753
"chr8",129252947,129252948,7.38770923908104
"chr8",129254562,129254563,8.06934236681164
"chr8",129257756,129257757,5.01063529409626
"chr8",129257905,129257906,8.89959435992585
"chr8",129265233,129265234,7.3185395485679
"chr8",129266740,129266741,8.90286367219622
"chr8",129274092,129274093,7.21817683840341
"chr8",129275455,129275456,8.96495121171465
"chr8",129283278,129283279,7.56475701290573
"chr8",129285206,129285207,7.24351297466548
"chr8",129286604,129286605,7.17625453201714
"chr8",129287911,129287912,7.09340462586877
"chr8",129289114,129289115,8.63870260881343
"chr8",129294759,129294760,6.11589212548303
"chr8",129295211,129295212,7.52617891334615
"chr8",129297066,129297067,6.5366915975913
"chr8",129297755,129297756,3.71357206670431
"chr8",129297795,129297796,5.8805329864007
"chr8",129298152,129298153,4.87519732320115
"chr8",129298282,129298283,8.47699600166482
"chr8",129303084,129303085,5.69035945432406
"chr8",129303379,129303380,7.72577144158795
"chr8",129305644,129305645,7.16780918431644
"chr8",129306940,129306941,5.08140436498446
"chr8",129307100,129307101,9.41466800903275
"chr8",129319366,129319367,2.56494935746154
"chr8",129319378,129319379,5.82894561761021
"chr8",129319717,129319718,8.72518249495877
"chr8",129325872,129325873,9.60285532090872
"chr8",129340678,129340679,9.63102244588921
"chr8",129355907,129355908,9.3803362790795
"chr8",129367759,129367760,6.28785856016178
"chr8",129368296,129368297,9.27509761919146
"chr8",129378964,129378965,9.6260857894919
"chr8",129394118,129394119,7.05012252026906
"chr8",129395270,129395271,8.56845648535378
"chr8",129519279,129519280,9.32206062158659
"chr9",349290,349291,11.7582844167755
"chr9",477097,477098,12.0830854667813
"chr9",653951,653952,13.2143954628508
"chr9",36536678,36536679,12.26471412575
"chr9",36748756,36748757,11.0523175573649
"chr9",37633295,37633296,12.8776973707371
"chr9",93426710,93426711,12.4189597791514
"chr9",93674158,93674159,11.6851461795848
"chr9",123910499,123910500,12.1526085756608
"chr9",125391605,125391606,10.9682155307592
"chr9",125449605,125449606,9.76531684347746
"chr9",125467023,125467024,13.1326878956664
"chr9",125972211,125972212,13.3493188540905
"chr9",126599597,126599598,10.5867863970413
"chr9",126639204,126639205,11.2405391470776
"chr9",126715359,126715360,11.3503006475136
"chr9",130418808,130418809,12.673222205793
"chr9",130737895,130737896,12.3463083886875
"chr9",130968003,130968004,9.87220326249636
"chr9",130987386,130987387,11.6571383567228
"chr9",133714651,133714652,12.735703340375
"chr9",134693790,134693791,11.3100011208374
"chr9",140156214,140156215,9.68564243967313
"chr10",10899068,10899069,12.2417872193542
"chr10",11106339,11106340,13.0040031752194
"chr10",11550526,11550527,11.9661325690638
"chr10",11707860,11707861,9.39565743774994
"chr10",11719895,11719896,8.23217423638394
"chr10",11723654,11723655,11.5871327179097
"chr10",12439214,12439215,11.2913057520244
"chr10",22805221,22805222,11.2908188758249
"chr10",45877437,45877438,11.9857501114027
"chr10",73478206,73478207,11.6201372659414
"chr10",73589522,73589523,10.6665804837827
"chr10",73632419,73632420,11.3870560726809
"chr10",73720591,73720592,12.1767674111376
"chr10",73914814,73914815,8.7279402223939
"chr10",73920986,73920987,12.031326324054
"chr10",74088919,74088920,9.11140362411616
"chr10",74097976,74097977,9.40236470423152
"chr10",74110092,74110093,11.5048025633507
"chr10",97988317,97988318,10.9574510895354
"chr10",103648990,103648991,12.5186436527633
"chr10",103922376,103922377,12.3771183683798
"chr10",124930147,124930148,10.8685494007793
"chr10",124982645,124982646,12.2481114993767
"chr10",125191231,125191232,12.8162729052692
"chr10",127520313,127520314,11.70275212125
"chr11",8993161,8993162,10.0490154485011
"chr11",44998507,44998508,11.2589875984826
"chr11",45076080,45076081,8.68423189134568
"chr11",64777889,64777890,10.2218321867947
"chr11",64805385,64805386,11.2331057364625
"chr11",65093463,65093464,9.48653167771247
"chr11",65548187,65548188,10.0880981541336
"chr11",65572241,65572242,10.7247200728593
"chr11",65617706,65617707,10.5809117726308
"chr11",65657081,65657082,9.66249820807633
"chr11",65672797,65672798,10.3544357752467
"chr11",65704192,65704193,9.44454255064713
"chr11",65716830,65716831,10.6714406758973
"chr11",66390782,66390783,10.7859732797979
"chr11",66765658,66765659,9.99099463997436
"chr11",66787486,66787487,9.97627322226178
"chr11",67349296,67349297,8.92319149068606
"chr11",68506460,68506461,8.25764495820823
"chr11",68971736,68971737,6.91373735065968
"chr11",69067710,69067711,11.215260394465
"chr11",69141964,69141965,9.37526141408997
"chr11",69153756,69153757,10.560385600421
"chr11",69192331,69192332,9.91422964906803
"chr11",69212546,69212547,8.81224801819743
"chr11",69219261,69219262,9.59492226916792
"chr11",69233950,69233951,9.69873632077599
"chr11",69250246,69250247,10.0515626706015
"chr11",69273437,69273438,10.1127755575599
"chr11",69298092,69298093,9.38016753118845
"chr11",69309942,69309943,10.2411376666158
"chr11",69337974,69337975,9.04652648673797
"chr11",69346462,69346463,8.01697774676226
"chr11",69349493,69349494,9.78818892817267
"chr11",69367314,69367315,10.8736981263997
"chr11",69420083,69420084,10.1857675600739
"chr11",69446605,69446606,7.24850407237061
"chr11",69448010,69448011,8.70682132339263
"chr11",69454053,69454054,9.5579644803945
"chr11",69468209,69468210,9.7271083051978
"chr11",69484974,69484975,8.96405612822033
"chr11",69492790,69492791,9.15957325492253
"chr11",69502294,69502295,10.4735910092525
"chr11",69537662,69537663,10.5905160520879
"chr11",69577417,69577418,8.77199043653224
"chr11",69583867,69583868,8.9470256559727
"chr11",69591551,69591552,7.61381868480863
"chr11",69593576,69593577,9.36939330183078
"chr11",69605299,69605300,9.00072983494456
"chr11",69865500,69865501,10.5502766091179
"chr11",69903687,69903688,8.57508466983201
"chr11",69908984,69908985,7.94449216393216
"chr11",69911803,69911804,11.3475790123822
"chr11",69996562,69996563,10.1064692120264
"chr11",70021062,70021063,10.3526824235056
"chr11",70052402,70052403,10.5914211660432
"chr11",70092193,70092194,9.19105561056432
"chr11",70102001,70102002,8.60226936377136
"chr11",70107444,70107445,10.6417753887603
"chr11",72732494,72732495,10.0261033360763
"chr11",72755102,72755103,9.54007568065896
"chr11",72769007,72769008,10.9510345909881
"chr11",72826019,72826020,8.74273386733017
"chr11",72832283,72832284,10.0798748698419
"chr11",72856140,72856141,8.9557061535706
"chr11",72863891,72863892,5.8406416573734
"chr11",72864234,72864235,9.19278721272859
"chr11",72874059,72874060,8.92532141694389
"chr11",72881578,72881579,10.0339015912581
"chr11",72904363,72904364,10.0259263997287
"chr11",72926967,72926968,11.4207224529166
"chr11",73018158,73018159,6.36647044773144
"chr11",73018739,73018740,9.8234698445501
"chr11",73037200,73037201,11.0429698345725
"chr11",82395070,82395071,8.53660358493606
"chr11",82653594,82653595,10.6323637805503
"chr11",111089883,111089884,7.04228617193974
"chr11",111091026,111091027,10.9821011946975
"chr11",111149837,111149838,11.1252757167321
"chr11",120453370,120453371,10.6860640179225
"chr11",120497111,120497112,10.3638826675028
"chr11",120645901,120645902,10.5512711913445
"chr12",1601452,1601453,10.7983707699714
"chr12",4224890,4224891,8.67162954472066
"chr12",4230724,4230725,9.99488098096534
"chr12",4252637,4252638,10.9301741016326
"chr12",4308472,4308473,9.12227389310773
"chr12",4317628,4317629,8.7815554585464
"chr12",6561455,6561456,10.7911318658202
"chr12",6610042,6610043,9.4041786888978
"chr12",6622180,6622181,12.4003927641524
"chr12",6865076,6865077,9.97011763483389
"chr12",6886453,6886454,11.4977509115993
"chr12",6984946,6984947,12.6992982943792
"chr12",7312463,7312464,11.1937252052686
"chr12",10252086,10252087,12.4876133986252
"chr12",26891620,26891621,11.2578138364409
"chr12",26969102,26969103,9.68508275556909
"chr12",26985177,26985178,10.8560137769924
"chr12",27037021,27037022,11.6300505064181
"chr12",31684227,31684228,11.0042641640336
"chr12",47427181,47427182,12.3322161900864
"chr12",48174368,48174369,11.6173755663267
"chr12",58104015,58104016,10.6841418205343
"chr12",68333134,68333135,12.3547727838213
"chr12",68565198,68565199,12.6879801417787
"chr12",94801132,94801133,12.4622756607303
"chr12",95699532,95699533,10.9309618133709
"chr12",96405009,96405010,12.7833936245843
"chr12",96761260,96761261,10.7573708242817
"chr12",96808234,96808235,11.0435296509674
"chr12",96870771,96870772,11.154491832588
"chr12",109556751,109556752,12.4305912510239
"chr12",122590594,122590595,11.3967286705677
"chr12",122679623,122679624,12.3824641542933
"chr12",122918203,122918204,11.6803279504732
"chr12",123036425,123036426,11.6039446333574
"chr12",123145953,123145954,12.6528172434916
"chr12",123458595,123458596,11.2270018455333
"chr12",123533726,123533727,11.7350364834058
"chr12",123658596,123658597,12.4241513923486
"chr12",124450332,124450333,12.5512780652256
"chr13",32960580,32960581,12.0977633420233
"chr13",48369648,48369649,13.2166621368045
"chr13",48919091,48919092,11.8253903898431
"chr13",49055769,49055770,11.0130397812426
"chr13",49116428,49116429,13.2921027764583
"chr13",49708925,49708926,11.9815281133003
"chr13",74286033,74286034,12.7981445600652
"chr13",78500741,78500742,10.9508942622678
"chr13",78557745,78557746,11.3095477755705
"chr14",64989164,64989165,8.65032450401942
"chr14",105156988,105156989,9.23474025879972
"chr14",105357821,105357822,7.93630269320196
"chr14",105360617,105360618,9.72268484171144
"chr14",105377308,105377309,9.72106599074184
"chr14",105587659,105587660,9.77218225175814
"chr14",105630112,105630113,8.8879288190033
"chr14",105684051,105684052,9.13916655252166
"chr14",105790215,105790216,9.33934905253972
"chr14",105801591,105801592,6.75460409948796
"chr14",105802448,105802449,7.64012317269536
"chr14",105804527,105804528,8.95647984799991
"chr14",105812284,105812285,9.83306508823958
"chr14",105830923,105830924,8.43901541035221
"chr14",105835546,105835547,8.08301991917133
"chr14",105838784,105838785,9.5410100922274
"chr14",105877302,105877303,8.14583961293684
"chr14",105880750,105880751,9.55350445388697
"chr14",105894843,105894844,7.52023455647463
"chr14",105920150,105920151,7.41457288135059
"chr14",105921809,105921810,9.67016739477036
"chr14",105937646,105937647,5.47227067367148
"chr14",105978870,105978871,7.88457651059632
"chr14",105981525,105981526,9.5450252980233
"chr14",105995499,105995500,7.68017564043659
"chr14",105997663,105997664,9.47155012409685
"chr14",106010647,106010648,9.00454545899659
"chr14",106018786,106018787,9.31154225248515
"chr14",106112665,106112666,4.24849524204936
"chr14",106112734,106112735,6.36818718635049
"chr14",106113316,106113317,7.13249755166004
"chr14",106160113,106160114,8.35983738064003
"chr14",106164384,106164385,8.41759382619348
"chr14",106168909,106168910,0.693147180559945
"chr14",106168910,106168911,8.94806610345893
"chr14",106176602,106176603,6.21860011969173
"chr14",106177103,106177104,6.56667242980324
"chr14",106205146,106205147,6.5206211275587
"chr14",106205824,106205825,8.66475075577385
"chr14",106211618,106211619,6.82001636467413
"chr14",106212533,106212534,9.38101098602928
"chr14",106324295,106324296,6.92559519711047
"chr14",106325312,106325313,6.68835471394676
"chr14",106326114,106326115,5.80814248998044
"chr14",106326446,106326447,4.90527477843843
"chr14",106326580,106326581,3.87120101090789
"chr14",106326627,106326628,2.70805020110221
"chr14",106326641,106326642,6.42162226780652
"chr14",106327255,106327256,2.484906649788
"chr14",106327266,106327267,6.32256523992728
"chr14",106327822,106327823,5.88887795833288
"chr14",106328182,106328183,5.08759633523238
"chr14",106328343,106328344,5.84932477994686
"chr14",106328689,106328690,6.50128967054039
"chr14",106329354,106329355,7.01301578963963
"chr14",106330464,106330465,1.6094379124341
"chr15",31302669,31302670,12.3667874485701
"chr15",31537538,31537539,12.2436092490589
"chr15",32198297,32198298,12.2940835228529
"chr15",39941158,39941159,10.616976430754
"chr15",40614836,40614837,12.1254426821224
"chr15",40799342,40799343,11.9192035758354
"chr15",42668133,42668134,12.5179154818488
"chr15",43770486,43770487,12.3917718250622
"chr15",52072083,52072084,12.1607561910392
"chr15",52263221,52263222,11.7147963490088
"chr15",52385589,52385590,10.7459164358118
"chr15",52793928,52793929,9.8253097714721
"chr15",52812423,52812424,11.9381147659261
"chr15",52965410,52965411,10.4874892858353
"chr15",53001273,53001274,10.8226342023915
"chr15",53051415,53051416,12.4941571370006
"chr15",53318188,53318189,12.4554335001614
"chr15",53574828,53574829,12.3047770584025
"chr15",53795575,53795576,11.1834208976646
"chr15",63247477,63247478,12.3458867604574
"chr15",63477488,63477489,11.0147034147705
"chr15",63538248,63538249,12.3872351976042
"chr15",63777969,63777970,10.5618879967662
"chr15",63816602,63816603,12.1600810616792
"chr15",64007611,64007612,9.29697667863573
"chr15",64018515,64018516,10.4611013378009
"chr15",64680216,64680217,12.4939134553825
"chr15",64946924,64946925,12.0421939684651
"chr15",67346333,67346334,11.751934491394
"chr15",74644675,74644676,11.7008645472149
"chr15",74765350,74765351,10.283908319538
"chr15",74794607,74794608,11.5759096537589
"chr15",74901107,74901108,11.9107413925468
"chr15",75049963,75049964,11.5048328075728
"chr15",75149156,75149157,11.3016240183326
"chr15",75230108,75230109,10.9058458828477
"chr15",75284601,75284602,10.4338510626752
"chr15",75318591,75318592,10.816272145081
"chr15",75732720,75732721,11.3633692145697
"chr15",75818828,75818829,12.1791946467219
"chr15",81570665,81570666,10.9069279851661
"chr15",85266212,85266213,10.4692558037662
"chr15",85301427,85301428,12.3896101294517
"chr15",90771744,90771745,10.2949889536269
"chr15",90801327,90801328,10.2643387637183
"chr15",90830017,90830018,9.6469810975528
"chr15",90845491,90845492,12.0111277485746
"chr15",91010066,91010067,12.1876387810506
"chr15",91786523,91786524,12.4238618880825
"chr15",100880861,100880862,12.149618689384
"chr15",102007287,102007288,12.4369105194771
"chr16",11244130,11244131,12.2672053735329
"chr16",11456737,11456738,11.9699894874261
"chr16",11614679,11614680,10.0295473521969
"chr16",11637365,11637366,12.0038952600249
"chr16",11800754,11800755,11.9460381650072
"chr16",11954958,11954959,11.7920333842019
"chr16",12087152,12087153,9.86297800919792
"chr16",12106357,12106358,9.55307865017604
"chr16",12120444,12120445,11.5316883362211
"chr16",12222337,12222338,10.4804660187216
"chr16",67335720,67335721,12.6209202665477
"chr16",67638547,67638548,12.5197988558748
"chr16",67912249,67912250,8.87766093359367
"chr16",67919418,67919419,12.184711103758
"chr16",68115190,68115191,9.95051425796388
"chr16",68136152,68136153,11.1845047278595
"chr16",71754685,71754686,11.7935980281111
"chr16",71887086,71887087,11.5139749141058
"chr16",71987190,71987191,9.56549415954298
"chr16",72001453,72001454,9.03491498187007
"chr16",78735503,78735504,12.5670737182649
"chr16",79022455,79022456,12.1123771614029
"chr16",81025462,81025463,10.4161614671597
"chr16",81634698,81634699,11.6322184711582
"chr16",81747367,81747368,9.48235027503367
"chr16",81760492,81760493,11.5694192135247
"chr16",82389356,82389357,11.6149313601754
"chr16",85186951,85186952,11.5789753434317
"chr16",85293778,85293779,12.6652301678351
"chr16",89787615,89787616,11.2118879374713
"chr17",1776106,1776107,11.6673960936084
"chr17",1892809,1892810,9.60777330838708
"chr17",1907688,1907689,11.734123124264
"chr17",2032444,2032445,9.33591519488425
"chr17",3448362,3448363,11.5073097261846
"chr17",3547801,3547802,10.5902141652932
"chr17",4187684,4187685,10.7459379687411
"chr17",4234124,4234125,9.42019602896346
"chr17",4246458,4246459,11.7683348308713
"chr17",4375556,4375557,10.421834817701
"chr17",4409140,4409141,11.4877307263357
"chr17",6985556,6985557,12.111223359498
"chr17",7409954,7409955,10.6965026922443
"chr17",17016807,17016808,10.3554226750291
"chr17",17048233,17048234,8.57300625623545
"chr17",17053519,17053520,12.1102608399327
"chr17",40410533,40410534,11.4866328230153
"chr17",40770616,40770617,7.46565531013406
"chr17",40772362,40772363,10.1402183773589
"chr17",42789257,42789258,11.0308492544902
"chr17",43163389,43163390,11.8907452722581
"chr17",43309298,43309299,9.91373486898768
"chr17",43329503,43329504,10.5530485049331
"chr17",43367796,43367797,9.83793518429589
"chr17",43386526,43386527,9.78295699589838
"chr17",43404254,43404255,9.03658204584272
"chr17",43412658,43412659,8.16080392095467
"chr17",43416158,43416159,8.03527891114467
"chr17",43419245,43419246,8.42266270757
"chr17",43423793,43423794,10.21771418021
"chr17",43451176,43451177,9.92054130710196
"chr17",43471519,43471520,9.47247384058159
"chr17",43484515,43484516,8.23959345430597
"chr17",45354777,45354778,10.0308688218632
"chr17",55305561,55305562,10.471439922974
"chr17",55734712,55734713,12.0184711744884
"chr17",62276225,62276226,11.656046975064
"chr17",62391611,62391612,9.29899206957075
"chr17",64301362,64301363,11.8866384338977
"chr17",72942569,72942570,9.44470077849556
"chr17",73222611,73222612,11.0370003382123
"chr17",73284741,73284742,10.4485696649802
"chr17",73319235,73319236,11.5528478549676
"chr17",74265415,74265416,11.956861004841
"chr17",74421297,74421298,11.2873915590334
"chr17",74501105,74501106,11.7761893246806
"chr17",74631221,74631222,11.325679804653
"chr17",74714144,74714145,11.6394700062952
"chr17",75546997,75546998,10.4419088878929
"chr17",75581262,75581263,11.9782933658114
"chr17",80439712,80439713,11.2688008422673
"chr17",80518050,80518051,10.4641028408046
"chr18",2625140,2625141,10.5459728182938
"chr18",8465194,8465195,12.1627161919803
"chr18",13915150,13915151,13.8266661028492
"chr18",46583012,46583013,12.5174541546095
"chr18",46856073,46856074,12.5485802043282
"chr18",60049604,60049605,12.3575741049842
"chr18",60282319,60282320,13.1073532875325
"chr19",767086,767087,10.7045918746012
"chr19",811645,811646,11.676191615229
"chr19",929379,929380,11.6012293396581
"chr19",1038610,1038611,10.7123934990781
"chr19",1449388,1449389,11.3829534445438
"chr19",1537199,1537200,10.3756451104112
"chr19",1569267,1569268,11.8127337172198
"chr19",1704226,1704227,11.2661933788474
"chr19",1782360,1782361,10.6346768673827
"chr19",1823910,1823911,10.6919449129004
"chr19",1867909,1867910,10.1510505083911
"chr19",1893526,1893527,10.0093779277936
"chr19",1915759,1915760,9.03990785957464
"chr19",1924191,1924192,10.5187272442195
"chr19",1961192,1961193,11.5507413456545
"chr19",2065045,2065046,11.0184651952905
"chr19",2282142,2282143,11.7946774893912
"chr19",2414686,2414687,11.8374407874674
"chr19",2553021,2553022,8.95982562386584
"chr19",2710528,2710529,10.7139732255133
"chr19",2755507,2755508,11.3815631467734
"chr19",9922318,9922319,11.3861824079423
"chr19",10539426,10539427,11.2221853882525
"chr19",15728357,15728358,11.4183290303892
"chr19",15819330,15819331,10.2612668864117
"chr19",15847932,15847933,7.82364593083495
"chr19",15850430,15850431,9.50666003282355
"chr19",16205380,16205381,11.0048959285062
"chr19",16265547,16265548,10.9285071209009
"chr19",16321289,16321290,6.69084227741856
"chr19",16322093,16322094,10.0779449342733
"chr19",16345904,16345905,11.0975009259675
"chr19",16411909,16411910,11.1052128330716
"chr19",16478425,16478426,10.8750805321949
"chr19",16531267,16531268,9.14761354206788
"chr19",16540658,16540659,8.31727776622123
"chr19",16544751,16544752,10.9143427316798
"chr19",16599709,16599710,10.2307027893232
"chr19",16627450,16627451,11.2166330967504
"chr19",16701806,16701807,10.3800943329154
"chr19",16734017,16734018,11.8047365015057
"chr19",19109104,19109105,11.4159739388938
"chr19",41810159,41810160,10.8393848140492
"chr19",41861148,41861149,11.6749847888655
"chr19",41978740,41978741,11.0566353738523
"chr19",42042102,42042103,11.6796764267732
"chr19",49043158,49043159,11.2168751428479
"chr20",17715338,17715339,8.18757739559151
"chr20",17718933,17718934,11.4758257010132
"chr20",25114672,25114673,11.1259680284178
"chr20",31831864,31831865,11.5773264766538
"chr20",31938515,31938516,12.0328495717215
"chr20",32435299,32435300,10.8681112012009
"chr20",32487774,32487775,11.7947604766301
"chr20",32843421,32843422,7.83320394864106
"chr20",32845943,32845944,11.3592963157889
"chr20",32931701,32931702,6.98100574072173
"chr20",32932776,32932777,8.94402832526059
"chr20",32940437,32940438,11.6091170743831
"chr20",33050533,33050534,10.6277457281211
"chr20",33091796,33091797,12.1956636595108
"chr20",33289724,33289725,12.0729126125146
"chr20",33464788,33464789,8.9617507993305
"chr20",33472586,33472587,11.1073753532494
"chr20",34171975,34171976,12.0884146020619
"chr20",34349774,34349775,11.5293990276631
"chr20",35086992,35086993,11.3377264823151
"chr20",35170920,35170921,11.6336729910684
"chr20",44726129,44726130,9.03598698483141
"chr20",44734528,44734529,9.4136076932856
"chr20",44746781,44746782,9.61313525152847
"chr20",45976066,45976067,10.9487518057023
"chr20",46032948,46032949,10.9615035156633
"chr20",48302202,48302203,12.0917666828432
"chr20",60148835,60148836,11.995703404181
"chr20",61861454,61861455,8.17131687471973
"chr20",61864991,61864992,11.5401222565587
"chr20",61967747,61967748,10.8386785439108
"chr20",62794183,62794184,10.3454131576471
"chr20",62825296,62825297,11.0177599130254
"chr21",33992224,33992225,11.3817455910714
"chr21",34079929,34079930,11.1339903049077
"chr21",34148387,34148388,11.3528153965415
"chr21",34394308,34394309,11.0077836576725
"chr21",34748345,34748346,10.2341213500213
"chr21",34776181,34776182,11.2537271834854
"chr21",35259001,35259002,11.3485341955021
"chr21",35650111,35650112,11.164686268424
"chr21",36456243,36456244,10.6436137342901
"chr21",43920546,43920547,11.7597386668031
"chr21",44048539,44048540,8.68845380085077
"chr21",44054472,44054473,8.77183540978982
"chr21",44316465,44316466,11.2592969326433
"chr21",44394062,44394063,11.6677644792695
"chr21",44720761,44720762,10.3873940869509
"chr21",44753208,44753209,11.4604314500062
"chr21",45016242,45016243,9.69276652122048
"chr21",45032441,45032442,10.3121475515408
"chr21",45062536,45062537,11.148923745645
"chr21",45132024,45132025,11.7649829504491
"chr21",45260690,45260691,11.7521155787849
"chr21",45387711,45387712,11.6290359916518
"chr22",22897052,22897053,9.86656419843153
"chr22",23109925,23109926,8.63444275146648
"chr22",23161155,23161156,8.9884460400624
"chr22",23169164,23169165,10.2308469646407
"chr22",23196909,23196910,8.22040309993373
"chr22",23200624,23200625,3.91202300542815
"chr22",23200673,23200674,8.47969898698866
"chr22",23205488,23205489,7.26612877955645
"chr22",23206918,23206919,9.25741477936211
"chr22",23217399,23217400,7.64730883235624
"chr22",23219493,23219494,8.37793112408273
"chr22",23223842,23223843,7.84815308619953
"chr22",23226402,23226403,3.71357206670431
"chr22",23226442,23226443,8.08671792030391
"chr22",23229692,23229693,9.21313645927818
"chr22",23239719,23239720,4.89034912822175
"chr22",23239851,23239852,5.86929691313377
"chr22",23240204,23240205,9.54531148247113
"chr22",23254182,23254183,8.18116085802341
"chr22",23257754,23257755,6.59987049921284
"chr22",23258488,23258489,7.28824440102012
"chr22",23259950,23259951,7.60986220091355
"chr22",23261967,23261968,8.821437352167
"chr22",23268744,23268745,7.45240245122364
"chr22",23270467,23270468,6.40025744530882
"chr22",23271068,23271069,3.49650756146648
"chr22",23271100,23271101,8.6383483129727
"chr22",23276743,23276744,6.67834211465433
"chr22",23277537,23277538,6.79234442747081
"chr22",23278427,23278428,8.16621626859214
"chr22",23281946,23281947,8.69801362208393
"chr22",23287936,23287937,8.021256180144
"chr22",23290980,23290981,9.13497006495141
"chr22",23300253,23300254,6.10924758276437
"chr22",23300702,23300703,7.55851674304564
"chr22",23302618,23302619,7.35115822643069
"chr22",23304175,23304176,7.85360481309784
"chr22",23306749,23306750,9.28107838648152
"chr22",23317481,23317482,9.49484239342133
"chr22",23330771,23330772,8.34948434699013
"chr22",23334998,23334999,5.30330490805908
"chr22",23335198,23335199,7.08086789669078
"chr22",23336386,23336387,7.10824413973154
"chr22",23337607,23337608,6.63987583382654
"chr22",23338371,23338372,5.46383180502561
"chr22",23338606,23338607,9.45727857185611
"chr22",23351406,23351407,7.61283103040736
"chr22",23353429,23353430,8.13300021858361
"chr22",23356833,23356834,8.36147461641682
"chr22",23361111,23361112,9.35201353029233
"chr22",23372632,23372633,9.1018638956401
"chr22",23381603,23381604,6.81892406527552
"chr22",23382517,23382518,8.66664714458457
"chr22",23388322,23388323,7.74283595543075
"chr22",38965477,38965478,10.0076223172681
"chr22",39093779,39093780,10.0696797274002
"chr22",39117394,39117395,10.1700736616932
"chr22",39637771,39637772,10.0496636626937
"chr22",39914008,39914009,9.29173601018018
"chr22",42311831,42311832,10.0830553211335
"chr22",42335764,42335765,9.37041631982282
"chr22",47808192,47808193,9.76927021041632
"chrX",23919689,23919690,11.5033295712968
"chrX",152848264,152848265,11.6862903637213
"chrX",152967193,152967194,10.041552403492
"chrX",152990153,152990154,11.7466923879216
"chrX",153116487,153116488,10.6649473732782
"chrX",153159314,153159315,11.8401695384838
"chrX",153298027,153298028,12.3315328031945
"chrX",153524760,153524761,12.9854594470193
"chrX",153960786,153960787,11.1633254347035
"chrX",154031282,154031283,11.7347561548589
"chrX",154156117,154156118,11.7914204652128
"chrX",154288230,154288231,11.1086346670898
"chrX",154354974,154354975,12.6395743623322
"chrX",154663503,154663504,12.6397752950496
"chrX",154972094,154972095,12.293817919818
